image_id,basil_pixels,coverage_fraction,mean_R,mean_G,mean_B,std_R,std_G,std_B,mean_hue_deg,mean_saturation,mean_value,std_saturation,std_value,mean_lab_L,mean_lab_a,mean_lab_b,freshness_index
exp2_day(5)_pot(4)_plant(7)_top,30142.0,0.002472121178718401,62.43898878641099,66.86915267732732,27.095879503682568,24.62049103368857,22.91724063505957,27.23584193304162,66.13018379669565,169.4393869019972,67.15204697763917,57.89954175839945,23.216693747792238,68.530953486829,-8.482184327516421,22.556499236945115,0.33515801604278167
