image_id,basil_pixels,coverage_fraction,mean_R,mean_G,mean_B,std_R,std_G,std_B,mean_hue_deg,mean_saturation,mean_value,std_saturation,std_value,mean_lab_L,mean_lab_a,mean_lab_b,freshness_index
exp2_day(4)_pot(4)_plant(6)_top,253706.0,0.020807908425715966,64.24720739753889,73.00300741803505,29.57730207405422,24.837318252474258,20.445580072014494,25.128536402065322,70.34790663208595,166.14148266103285,73.31092287923818,65.68362144054358,20.698418030400337,74.43650130465973,-10.943288688481942,23.53246671343996,0.33806960919040335
