image_id,basil_pixels,coverage_fraction,mean_R,mean_G,mean_B,std_R,std_G,std_B,mean_hue_deg,mean_saturation,mean_value,std_saturation,std_value,mean_lab_L,mean_lab_a,mean_lab_b,freshness_index
exp2_day(1)_pot(5)_plant(7)_top,49894.0,0.0040920978730998574,56.316350663406425,62.123341483945964,28.766003928328054,20.049040329677364,15.958897025987653,19.15833161468442,69.29278069507356,148.84483104180865,62.28628692828797,57.47989878050878,16.11068180353755,63.416042009059204,-8.498276345853213,19.01234617388863,0.30098976407102096
