image_id,basil_pixels,coverage_fraction,mean_R,mean_G,mean_B,std_R,std_G,std_B,mean_hue_deg,mean_saturation,mean_value,std_saturation,std_value,mean_lab_L,mean_lab_a,mean_lab_b,freshness_index
exp2_day(3)_pot(4)_plant(1)_top,6737.0,0.0005525406536071219,83.79055959625946,86.98025827519668,53.36381178566128,18.09292507843235,17.518591555096727,21.148573914395243,65.72955321359656,105.15674632625797,87.0086091732225,40.97507628225447,17.5241706345795,91.2999851565979,-7.226510316164465,19.100935134332786,0.27131116695701485
