image_id,basil_pixels,coverage_fraction,mean_R,mean_G,mean_B,std_R,std_G,std_B,mean_hue_deg,mean_saturation,mean_value,std_saturation,std_value,mean_lab_L,mean_lab_a,mean_lab_b,freshness_index
exp2_day(4)_pot(4)_plant(8)_top,18984.0,0.0015569885361552027,42.222766540244415,45.814896755162245,22.608301727770755,9.5440042588836,9.63119303225126,9.147706702125614,69.26601348504003,134.26464391066162,45.82295617361989,27.92861063277241,9.628863943573156,45.59787189211968,-6.174041297935105,14.188053097345119,0.2601343201438707
