image_id,basil_pixels,coverage_fraction,mean_R,mean_G,mean_B,std_R,std_G,std_B,mean_hue_deg,mean_saturation,mean_value,std_saturation,std_value,mean_lab_L,mean_lab_a,mean_lab_b,freshness_index
exp2_day(0)_pot(5)_plant(5)_top,390989.0,0.03206728775615184,58.710623572530174,76.28864750670735,25.63684144566727,19.667777997366112,18.83984324495451,19.97757168838981,80.60695825202244,176.35224264621255,76.29411824885099,41.54366493797295,18.856213464287556,76.04993235103801,-15.879385353552152,26.7716534224748,0.3541393514041104
