image_id,basil_pixels,coverage_fraction,mean_R,mean_G,mean_B,std_R,std_G,std_B,mean_hue_deg,mean_saturation,mean_value,std_saturation,std_value,mean_lab_L,mean_lab_a,mean_lab_b,freshness_index
exp2_day(4)_pot(4)_plant(1)_top,9174.0,0.0007524132338120434,77.21746239372139,78.24286025724875,51.81959886636145,19.39428636013332,18.73311726622169,18.296889187146828,62.34946588183998,92.05297580117724,78.55155875299761,33.97808359818911,18.885831626460185,82.55722694571615,-5.2494004796163125,15.450621321124913,0.24279903610902176
