image_id,basil_pixels,coverage_fraction,mean_R,mean_G,mean_B,std_R,std_G,std_B,mean_hue_deg,mean_saturation,mean_value,std_saturation,std_value,mean_lab_L,mean_lab_a,mean_lab_b,freshness_index
exp2_day(0)_pot(5)_plant(7)_top,265997.0,0.02181596500482909,51.19537814336252,67.55598371410204,19.441020011503888,23.65611407665612,21.41849736596329,22.958874418340052,80.05023364925168,192.70341018883673,67.56723572070362,43.242400834104146,21.452039472481104,66.6261912728339,-15.1508400470682,25.64756745376829,0.3678601596457344
