image_id,basil_pixels,coverage_fraction,mean_R,mean_G,mean_B,std_R,std_G,std_B,mean_hue_deg,mean_saturation,mean_value,std_saturation,std_value,mean_lab_L,mean_lab_a,mean_lab_b,freshness_index
exp2_day(3)_pot(4)_plant(7)_top,79427.0,0.0065142714107247835,75.46286527251438,79.11093205081396,46.31292885290896,25.001533492223533,23.08227650730192,27.87857134058839,66.39477759452076,120.3836352877485,79.18608281818526,56.063103200977345,23.097085605987523,82.43344202852934,-7.313973837611897,18.695216991703063,0.28349136804761826
