image_id,basil_pixels,coverage_fraction,mean_R,mean_G,mean_B,std_R,std_G,std_B,mean_hue_deg,mean_saturation,mean_value,std_saturation,std_value,mean_lab_L,mean_lab_a,mean_lab_b,freshness_index
exp2_day(0)_pot(6)_plant(2)_top,393466.0,0.03227044096959772,50.708061179364925,67.75681761575333,12.954773728860944,20.769496265985254,19.796205377928146,20.03188764174094,78.69087545048365,214.74541129347898,67.76349671890328,37.59924487772122,19.82584929380448,66.61317369226312,-15.999946628171173,28.664220034259642,0.3980002472392083
