image_id,basil_pixels,coverage_fraction,mean_R,mean_G,mean_B,std_R,std_G,std_B,mean_hue_deg,mean_saturation,mean_value,std_saturation,std_value,mean_lab_L,mean_lab_a,mean_lab_b,freshness_index
exp2_day(5)_pot(5)_plant(3)_top,486556.0,0.03990529467960024,55.148480339364845,64.27516668173858,16.949596757618856,19.131591593373173,19.9538768668094,16.644028251412454,71.58369026381341,194.2786894006034,64.28851560765872,34.37750103079163,19.969712897669044,64.48443550177164,-11.519054332903096,26.024881000337075,0.3645906116401354
