image_id,basil_pixels,coverage_fraction,mean_R,mean_G,mean_B,std_R,std_G,std_B,mean_hue_deg,mean_saturation,mean_value,std_saturation,std_value,mean_lab_L,mean_lab_a,mean_lab_b,freshness_index
exp2_day(1)_pot(6)_plant(5)_top,182877.0,0.014998809130133534,45.90707962182232,60.57788021457045,15.790678980954413,19.31190476478679,18.821384785213368,19.35894051182174,79.29160036527283,196.87002739546253,60.581450920564095,41.50073881585168,18.83484017321185,59.27532166428802,-14.00506898079037,24.132531701635514,0.36583586814285207
