image_id,basil_pixels,coverage_fraction,mean_R,mean_G,mean_B,std_R,std_G,std_B,mean_hue_deg,mean_saturation,mean_value,std_saturation,std_value,mean_lab_L,mean_lab_a,mean_lab_b,freshness_index
exp2_day(0)_pot(6)_plant(1)_top,195910.0,0.016067721455866296,43.18531978969935,63.789934153437805,8.196044101883517,15.93761313778568,15.169412185433863,11.90134774593026,82.7871063243326,227.63004951253126,63.79003624113113,29.783706880458293,15.170289461903938,61.63868102700219,-17.75653106018069,28.561507835230458,0.4121506336462707
