image_id,basil_pixels,coverage_fraction,mean_R,mean_G,mean_B,std_R,std_G,std_B,mean_hue_deg,mean_saturation,mean_value,std_saturation,std_value,mean_lab_L,mean_lab_a,mean_lab_b,freshness_index
exp2_day(0)_pot(4)_plant(4)_top,514540.0,0.042200425694969346,57.62203910288802,75.07399230380534,19.848812531581608,17.276001615308726,17.039222320884157,16.11442549730728,79.02697943794458,193.58824775527657,75.07430131768182,35.550861015187515,17.04103140206269,74.64877754887861,-16.297403506044233,29.0512243946049,0.3756810051220167
