image_id,basil_pixels,coverage_fraction,mean_R,mean_G,mean_B,std_R,std_G,std_B,mean_hue_deg,mean_saturation,mean_value,std_saturation,std_value,mean_lab_L,mean_lab_a,mean_lab_b,freshness_index
exp2_day(4)_pot(6)_plant(6)_top,366235.0,0.0300370678749895,72.6175597635398,81.15037339413219,33.470214479773915,27.10904158956704,22.158560817705983,24.557886212753186,70.86988955179052,163.0646197113875,81.21433778857838,57.24831066249741,22.222309878207913,83.12114625854984,-11.423965486641094,25.882397913907738,0.34232266037212
