image_id,basil_pixels,coverage_fraction,mean_R,mean_G,mean_B,std_R,std_G,std_B,mean_hue_deg,mean_saturation,mean_value,std_saturation,std_value,mean_lab_L,mean_lab_a,mean_lab_b,freshness_index
exp2_day(1)_pot(6)_plant(1)_top,165415.0,0.013566648688796507,54.14528912130097,71.91166460115467,19.902360729075355,20.99062872741154,19.647067824164804,20.59579722938404,80.3686969138228,192.74951485657286,71.91621678807847,38.00293726715101,19.662489322907994,71.15031284949974,-16.15493153583411,27.458108394039243,0.3719136757250751
