image_id,basil_pixels,coverage_fraction,mean_R,mean_G,mean_B,std_R,std_G,std_B,mean_hue_deg,mean_saturation,mean_value,std_saturation,std_value,mean_lab_L,mean_lab_a,mean_lab_b,freshness_index
exp2_day(0)_pot(5)_plant(1)_top,537243.0,0.04406243110670194,54.77516877837403,73.84007236948644,15.703251601230727,20.281375520922612,19.185474069032722,19.90476534778172,79.77718090324117,207.89213633309322,73.84233205458237,39.42466593295277,19.19735432116988,72.90100196745234,-17.230337110022845,30.035862728783798,0.3946323051697722
