image_id,basil_pixels,coverage_fraction,mean_R,mean_G,mean_B,std_R,std_G,std_B,mean_hue_deg,mean_saturation,mean_value,std_saturation,std_value,mean_lab_L,mean_lab_a,mean_lab_b,freshness_index
exp2_day(3)_pot(5)_plant(1)_top,411223.0,0.03372679608108676,51.589446601965356,68.18221500256551,12.770720509310033,17.233094769291778,16.051036354607895,14.509540104909135,78.16229636960968,213.48733898638937,68.18433307475506,35.13592102722318,16.057392722952503,67.26213271144853,-15.851180503036062,29.027459553575568,0.39612205976243803
