image_id,basil_pixels,coverage_fraction,mean_R,mean_G,mean_B,std_R,std_G,std_B,mean_hue_deg,mean_saturation,mean_value,std_saturation,std_value,mean_lab_L,mean_lab_a,mean_lab_b,freshness_index
exp2_day(1)_pot(4)_plant(4)_top,213678.0,0.0175249787414966,58.67065397467217,73.10346409082825,27.406536938758318,29.097424908282697,26.003839121925456,30.590988174598284,78.87531706586546,175.56197643182733,73.10909873735247,61.48267703941631,26.015964192815108,73.05711397523376,-13.852595962148655,24.20246819981466,0.3519493129646551
