image_id,basil_pixels,coverage_fraction,mean_R,mean_G,mean_B,std_R,std_G,std_B,mean_hue_deg,mean_saturation,mean_value,std_saturation,std_value,mean_lab_L,mean_lab_a,mean_lab_b,freshness_index
exp2_day(5)_pot(4)_plant(2)_top,319328.0,0.02618995128915764,64.6404292764806,74.93245189898788,20.551846377392526,16.084476026780756,17.61063789095634,13.790032917458099,71.28201723619601,189.47683259845675,74.9559230634332,31.337201643317016,17.58956959084335,75.95437606473594,-12.793068568994883,29.414733440224467,0.3684372470902807
