image_id,basil_pixels,coverage_fraction,mean_R,mean_G,mean_B,std_R,std_G,std_B,mean_hue_deg,mean_saturation,mean_value,std_saturation,std_value,mean_lab_L,mean_lab_a,mean_lab_b,freshness_index
exp2_day(1)_pot(4)_plant(8)_top,44570.0,0.003655445588729319,50.955261386582904,59.91967691272156,25.224455912048462,27.025360907465526,23.910211052628785,24.814752095081605,75.17235808840027,163.75351133049136,59.978752524119365,48.24519633714001,23.98462640445746,59.785416199237154,-10.23850123401391,19.50531747812431,0.32014286772798756
