image_id,basil_pixels,coverage_fraction,mean_R,mean_G,mean_B,std_R,std_G,std_B,mean_hue_deg,mean_saturation,mean_value,std_saturation,std_value,mean_lab_L,mean_lab_a,mean_lab_b,freshness_index
exp2_day(3)_pot(4)_plant(5)_top,230420.0,0.018898087784496514,49.90791163961462,59.73742730665741,19.296189566877874,24.710453714408203,21.17610449030045,23.777564614687574,74.28034892804445,189.8875054248763,59.79204930127593,56.18698451296227,21.282130249064263,59.29795156670428,-11.268913288777014,22.1315033417238,0.35671576076374867
