image_id,basil_pixels,coverage_fraction,mean_R,mean_G,mean_B,std_R,std_G,std_B,mean_hue_deg,mean_saturation,mean_value,std_saturation,std_value,mean_lab_L,mean_lab_a,mean_lab_b,freshness_index
exp2_day(1)_pot(5)_plant(3)_top,522045.0,0.04281595450680272,44.019178423316,62.814485341301996,13.40674462929441,17.679149414105748,17.084718335832402,15.90947446823748,83.16199561340497,206.7155398480974,62.81793331992453,34.67052068424691,17.09973807586617,60.97021521133236,-16.408784683312746,25.977578561235134,0.38188262383815036
