image_id,basil_pixels,coverage_fraction,mean_R,mean_G,mean_B,std_R,std_G,std_B,mean_hue_deg,mean_saturation,mean_value,std_saturation,std_value,mean_lab_L,mean_lab_a,mean_lab_b,freshness_index
exp2_day(2)_pot(6)_plant(6)_top,146179.0,0.011988992163223314,65.37962361214676,74.34615095191512,28.784989635994226,22.959138464978857,18.663903640577082,24.042780411457905,70.95707317740579,168.8303791926337,74.37097667927678,62.36516558033525,18.702432357912272,75.85350152894739,-11.270989677039793,24.774447766094994,0.34243850224709704
