image_id,basil_pixels,coverage_fraction,mean_R,mean_G,mean_B,std_R,std_G,std_B,mean_hue_deg,mean_saturation,mean_value,std_saturation,std_value,mean_lab_L,mean_lab_a,mean_lab_b,freshness_index
exp2_day(4)_pot(4)_plant(3)_top,647081.0,0.05307088595469052,49.71195105404115,64.05056244890515,17.792026036925826,21.494750349398426,19.497197131485354,19.022089358504857,78.85844585144673,193.77927647388813,64.05694804823507,41.55183794278887,19.514933053710838,63.18500775018892,-13.982295879495766,24.89703916511226,0.3652310273230562
