image_id,basil_pixels,coverage_fraction,mean_R,mean_G,mean_B,std_R,std_G,std_B,mean_hue_deg,mean_saturation,mean_value,std_saturation,std_value,mean_lab_L,mean_lab_a,mean_lab_b,freshness_index
exp2_day(3)_pot(5)_plant(7)_top,27550.0,0.0022595361447047954,69.4730671506352,72.69549909255899,39.54802177858439,24.724053488478226,22.83469082270847,24.175919058638005,65.94352087114338,132.00366606170599,72.883666061706,59.483745932122346,22.982114208506577,75.52275862068966,-7.168856624319417,18.813575317604347,0.29146905198823037
