image_id,basil_pixels,coverage_fraction,mean_R,mean_G,mean_B,std_R,std_G,std_B,mean_hue_deg,mean_saturation,mean_value,std_saturation,std_value,mean_lab_L,mean_lab_a,mean_lab_b,freshness_index
exp2_day(1)_pot(4)_plant(7)_top,58462.0,0.004794809513311497,89.58337039444426,92.9292531901064,65.08530327392153,38.42902597209869,34.65254785367777,37.34492998846046,66.65782901713933,97.82210666757894,93.12266087372994,61.65488761594634,34.785169672260224,96.88672984160651,-6.494902671821009,15.433717628545025,0.27491275225303746
