image_id,basil_pixels,coverage_fraction,mean_R,mean_G,mean_B,std_R,std_G,std_B,mean_hue_deg,mean_saturation,mean_value,std_saturation,std_value,mean_lab_L,mean_lab_a,mean_lab_b,freshness_index
exp2_day(5)_pot(5)_plant(1)_top,458116.0,0.03757276444528428,51.70910424433986,67.92987802216032,10.793113534563298,17.15020726530962,16.458384167410976,14.391071177605937,77.4468693518672,220.58986588549624,67.93056343808118,33.49064410235554,16.460876722268804,66.98563900846074,-15.804540771333023,29.768892594888626,0.4056998446246607
