image_id,basil_pixels,coverage_fraction,mean_R,mean_G,mean_B,std_R,std_G,std_B,mean_hue_deg,mean_saturation,mean_value,std_saturation,std_value,mean_lab_L,mean_lab_a,mean_lab_b,freshness_index
exp2_day(4)_pot(5)_plant(6)_top,74185.0,0.006084344424498195,50.76020758913527,58.1663543843095,20.101395160746783,25.768011048174067,22.96217414071672,23.588250132707277,71.79507986789783,185.07984093819505,58.276888858933745,58.394673672804124,23.099862160014272,58.03275594796792,-9.79373188649997,21.095019208734925,0.34834215663849777
