image_id,basil_pixels,coverage_fraction,mean_R,mean_G,mean_B,std_R,std_G,std_B,mean_hue_deg,mean_saturation,mean_value,std_saturation,std_value,mean_lab_L,mean_lab_a,mean_lab_b,freshness_index
exp2_day(0)_pot(6)_plant(8)_top,110395.0,0.009054137665868817,52.75251596539698,67.48566511164455,16.871950722405906,21.983827622162003,20.506360938555634,23.129598795980815,76.98484532813985,202.71698899406675,67.50912631912678,48.12865483245285,20.575554107558183,66.83269169799357,-14.523302685810052,26.802038135785125,0.381639366485876
