image_id,basil_pixels,coverage_fraction,mean_R,mean_G,mean_B,std_R,std_G,std_B,mean_hue_deg,mean_saturation,mean_value,std_saturation,std_value,mean_lab_L,mean_lab_a,mean_lab_b,freshness_index
exp2_day(0)_pot(6)_plant(7)_top,114582.0,0.00939753795036533,49.69765757274266,62.90944476444817,14.175420223071686,27.524840447528536,25.784287619449064,27.146406230992934,76.20776387216142,213.77531374910544,62.93222321132464,50.18848177578784,25.83790226920793,61.82036445515002,-13.597764046708903,25.751627655303622,0.39346156313318015
