image_id,basil_pixels,coverage_fraction,mean_R,mean_G,mean_B,std_R,std_G,std_B,mean_hue_deg,mean_saturation,mean_value,std_saturation,std_value,mean_lab_L,mean_lab_a,mean_lab_b,freshness_index
exp2_day(0)_pot(4)_plant(8)_top,339306.0,0.027828463561350467,46.781604215663734,60.78995655838683,20.919553441436342,17.75486598520919,17.758797786031007,17.725434924953355,80.31057511508786,174.49573246567994,60.79414451851721,42.13762837941166,17.774992923428453,59.851791598144445,-13.195490206480287,21.787094834750945,0.3347652050594502
