image_id,basil_pixels,coverage_fraction,mean_R,mean_G,mean_B,std_R,std_G,std_B,mean_hue_deg,mean_saturation,mean_value,std_saturation,std_value,mean_lab_L,mean_lab_a,mean_lab_b,freshness_index
exp2_day(4)_pot(4)_plant(4)_top,191656.0,0.01571882611069119,61.5973515047794,72.42279396418583,30.76590349375965,26.748090466680367,23.939762097456647,27.01511419809263,75.23668447635346,160.40518428851692,72.43459114246357,48.49996950123489,23.96912037720014,73.17949868514421,-11.87442083733356,22.96377363609801,0.3290569349944821
