image_id,basil_pixels,coverage_fraction,mean_R,mean_G,mean_B,std_R,std_G,std_B,mean_hue_deg,mean_saturation,mean_value,std_saturation,std_value,mean_lab_L,mean_lab_a,mean_lab_b,freshness_index
exp2_day(1)_pot(5)_plant(2)_top,384539.0,0.03153828564604854,44.366766439814945,62.39132831780392,12.67654776238561,17.958158521731683,16.955458477810055,16.31149390778317,81.89180291205834,210.57685956430947,62.402068450794324,39.16202209534508,16.983121290011546,60.60521559581733,-16.09195426211646,26.089231521380157,0.38709998878557894
