image_id,basil_pixels,coverage_fraction,mean_R,mean_G,mean_B,std_R,std_G,std_B,mean_hue_deg,mean_saturation,mean_value,std_saturation,std_value,mean_lab_L,mean_lab_a,mean_lab_b,freshness_index
exp2_day(4)_pot(5)_plant(7)_top,19517.0,0.001600702974090871,69.86596300660962,72.71266075728852,38.30163447251115,17.3491040265906,16.270637592531795,18.889182438411574,64.75154993082953,129.01736947276734,72.81062663319157,46.24169065454638,16.336495399271968,75.81482809858072,-7.184659527591336,19.903981144643126,0.28509441090968163
