image_id,basil_pixels,coverage_fraction,mean_R,mean_G,mean_B,std_R,std_G,std_B,mean_hue_deg,mean_saturation,mean_value,std_saturation,std_value,mean_lab_L,mean_lab_a,mean_lab_b,freshness_index
exp2_day(0)_pot(5)_plant(2)_top,885033.0,0.07258671697845805,55.21378976829113,74.50231912256379,16.790873334666617,17.46044080874032,17.51163428595058,16.481329483655696,80.11105348614119,203.99062859802967,74.50331004606608,36.60776744520669,17.51487745690814,73.6013741860473,-17.33107127078877,29.924357622823095,0.3897267100646031
