image_id,basil_pixels,coverage_fraction,mean_R,mean_G,mean_B,std_R,std_G,std_B,mean_hue_deg,mean_saturation,mean_value,std_saturation,std_value,mean_lab_L,mean_lab_a,mean_lab_b,freshness_index
exp2_day(4)_pot(6)_plant(5)_top,142109.0,0.01165518773095658,60.502670485331684,65.40872851121323,28.938821608765103,26.24522756507276,24.43117513740462,25.19305276961975,67.80842874131828,159.7901047787262,65.54356866912018,53.82802849073959,24.62949319752149,66.74198678479196,-8.419698963471703,20.74665925451589,0.3205811674895357
