image_id,basil_pixels,coverage_fraction,mean_R,mean_G,mean_B,std_R,std_G,std_B,mean_hue_deg,mean_saturation,mean_value,std_saturation,std_value,mean_lab_L,mean_lab_a,mean_lab_b,freshness_index
exp2_day(4)_pot(5)_plant(5)_top,70857.0,0.005811395738851096,54.81517704672792,63.147974088657435,26.199895564305574,24.002906958097054,23.520403018817397,22.294783664640562,73.1113933697447,162.3458232778695,63.18689755422894,48.77391387242167,23.575199995725807,63.5168720098226,-10.058667456990847,20.65975133014382,0.32118071911015084
