image_id,basil_pixels,coverage_fraction,mean_R,mean_G,mean_B,std_R,std_G,std_B,mean_hue_deg,mean_saturation,mean_value,std_saturation,std_value,mean_lab_L,mean_lab_a,mean_lab_b,freshness_index
exp2_day(2)_pot(4)_plant(7)_top,58935.0,0.004833603001385739,90.27272418766438,91.9686773564096,63.51646729447697,32.885198582473194,30.062254960321663,34.696073119604435,63.10847543904301,97.92990582845508,92.4831424450666,59.55862079457781,30.335044614087924,96.50078900483584,-5.900721133452109,16.022193942478992,0.2726483290018434
