image_id,basil_pixels,coverage_fraction,mean_R,mean_G,mean_B,std_R,std_G,std_B,mean_hue_deg,mean_saturation,mean_value,std_saturation,std_value,mean_lab_L,mean_lab_a,mean_lab_b,freshness_index
exp2_day(4)_pot(6)_plant(1)_top,220195.0,0.01805947591227849,52.787942505506486,70.18405050069256,13.872013442630395,19.28018244532357,18.16768751679897,19.131960511105206,78.46822134925861,212.94700606280796,70.19062194872727,42.26782451662703,18.183934594761393,69.27288539703444,-16.247348940711646,29.19844683121778,0.39814534151717523
