image_id,basil_pixels,coverage_fraction,mean_R,mean_G,mean_B,std_R,std_G,std_B,mean_hue_deg,mean_saturation,mean_value,std_saturation,std_value,mean_lab_L,mean_lab_a,mean_lab_b,freshness_index
exp2_day(3)_pot(4)_plant(8)_top,32641.0,0.002677078740446796,82.26607640697283,82.38696731105053,56.92417511718391,23.54645731931317,22.151860364667158,26.350416587195713,59.970098955301616,92.04237002542814,83.19506142581416,53.766085033476465,22.50463908134101,87.26319659324163,-4.5042431298060706,14.92723874881284,0.25010718420576383
