image_id,basil_pixels,coverage_fraction,mean_R,mean_G,mean_B,std_R,std_G,std_B,mean_hue_deg,mean_saturation,mean_value,std_saturation,std_value,mean_lab_L,mean_lab_a,mean_lab_b,freshness_index
exp2_day(4)_pot(5)_plant(4)_top,237981.0,0.01951820948286722,55.83072178031019,71.00373139032108,18.373660082107396,21.00263716249725,20.32519195250428,19.556639938411486,77.1445451527643,198.47510095343745,71.00784516410974,45.16864122036845,20.33225993302022,70.55689739937222,-14.937642080670301,27.72609998277173,0.3790487442933943
