image_id,basil_pixels,coverage_fraction,mean_R,mean_G,mean_B,std_R,std_G,std_B,mean_hue_deg,mean_saturation,mean_value,std_saturation,std_value,mean_lab_L,mean_lab_a,mean_lab_b,freshness_index
exp2_day(3)_pot(6)_plant(4)_top,150926.0,0.012378321313093138,60.02297152246796,66.32054781813603,23.10942448617203,24.438311912406483,21.11789559446901,24.16941800220475,68.91841034679247,183.53683924572306,66.4455693518678,60.464835733617974,21.26666240405831,67.44621205093887,-9.76142612936141,23.918264579992837,0.354266597784913
