image_id,basil_pixels,coverage_fraction,mean_R,mean_G,mean_B,std_R,std_G,std_B,mean_hue_deg,mean_saturation,mean_value,std_saturation,std_value,mean_lab_L,mean_lab_a,mean_lab_b,freshness_index
exp2_day(4)_pot(5)_plant(2)_top,668361.0,0.05481618283887629,48.74891263852918,65.33614618447217,14.317045728281572,18.61793199826026,17.132121626964363,16.398910482713546,79.30251465899417,207.02580641300136,65.36258548897976,39.1578645473258,17.181683206755658,64.15178773148044,-15.518254356552816,26.939053894527063,0.3848107285265023
