image_id,basil_pixels,coverage_fraction,mean_R,mean_G,mean_B,std_R,std_G,std_B,mean_hue_deg,mean_saturation,mean_value,std_saturation,std_value,mean_lab_L,mean_lab_a,mean_lab_b,freshness_index
exp2_day(3)_pot(5)_plant(5)_top,67884.0,0.005567562673217435,53.661525543574335,64.77387897000766,21.89427552884332,27.02548077585918,24.89601171831311,23.517104069921025,76.51532025219493,185.74779034824113,64.8254080490248,56.016595829161524,24.996727950449724,64.5338076719109,-11.99530080725944,23.05384184785811,0.35666990480550487
