image_id,basil_pixels,coverage_fraction,mean_R,mean_G,mean_B,std_R,std_G,std_B,mean_hue_deg,mean_saturation,mean_value,std_saturation,std_value,mean_lab_L,mean_lab_a,mean_lab_b,freshness_index
exp2_day(1)_pot(6)_plant(4)_top,79536.0,0.006523211136306374,55.124346208006436,62.87000854958761,25.38227972238986,27.334769111773294,24.240325479044692,28.32343962621796,71.94797324481996,174.94030376181854,62.90040987728827,63.74954101884274,24.28972877972928,63.258411285455644,-9.881588211627445,20.76273637095153,0.34033856138647234
