image_id,basil_pixels,coverage_fraction,mean_R,mean_G,mean_B,std_R,std_G,std_B,mean_hue_deg,mean_saturation,mean_value,std_saturation,std_value,mean_lab_L,mean_lab_a,mean_lab_b,freshness_index
exp2_day(4)_pot(4)_plant(2)_top,329120.0,0.02699305030654237,59.540079606222655,70.59055663587749,22.49022848808945,17.005308812286437,16.678486627101382,15.89106126704631,73.60969859017987,178.8505408361692,70.60544482255712,34.12410630103896,16.71250116518027,71.2029290228488,-12.602737603305783,26.388031720952853,0.34972419743126065
