image_id,basil_pixels,coverage_fraction,mean_R,mean_G,mean_B,std_R,std_G,std_B,mean_hue_deg,mean_saturation,mean_value,std_saturation,std_value,mean_lab_L,mean_lab_a,mean_lab_b,freshness_index
exp2_day(0)_pot(5)_plant(8)_top,186692.0,0.015311699525489207,47.762201915454334,64.56194159364087,15.475253358472779,22.16587785778185,20.95287631006046,21.109040423209837,80.4937437062113,203.36870353309195,64.57769481284683,42.15275061034293,20.997822381174398,63.1738531913526,-15.421239260386088,25.904853984102147,0.3794883192604236
