image_id,basil_pixels,coverage_fraction,mean_R,mean_G,mean_B,std_R,std_G,std_B,mean_hue_deg,mean_saturation,mean_value,std_saturation,std_value,mean_lab_L,mean_lab_a,mean_lab_b,freshness_index
exp2_day(3)_pot(5)_plant(4)_top,327542.0,0.026863629325186864,58.36729640778893,73.14862216143273,20.634855987934372,22.74288073379391,21.90630749199101,19.531339381055666,77.24995878391168,193.4586617899384,73.16237001666961,44.10938384852837,21.92704393666615,72.91182810143432,-14.718146069816996,27.646020968303304,0.37467046334247905
