image_id,basil_pixels,coverage_fraction,mean_R,mean_G,mean_B,std_R,std_G,std_B,mean_hue_deg,mean_saturation,mean_value,std_saturation,std_value,mean_lab_L,mean_lab_a,mean_lab_b,freshness_index
exp2_day(0)_pot(6)_plant(5)_top,137851.0,0.011305964322457378,44.08758006833465,59.508070307796096,12.017830846348593,17.551544400388387,17.07764132835827,17.205034260561064,79.18710781931216,210.87928995799814,59.51182073398089,37.898241959506606,17.09678506030627,57.93071504740626,-14.591457443181412,25.28460439169828,0.38431876107845403
