image_id,basil_pixels,coverage_fraction,mean_R,mean_G,mean_B,std_R,std_G,std_B,mean_hue_deg,mean_saturation,mean_value,std_saturation,std_value,mean_lab_L,mean_lab_a,mean_lab_b,freshness_index
exp2_day(3)_pot(6)_plant(1)_top,275652.0,0.022607827853363568,52.1406519814839,68.7177890963969,14.613860955117321,22.05140583672962,18.322554349392536,21.073130953900947,78.10260763571459,211.09043649238896,68.77045332520714,47.86158860199429,18.388200597469783,67.88629141090941,-15.69901542524633,28.263575087429075,0.3944052966018663
