image_id,basil_pixels,coverage_fraction,mean_R,mean_G,mean_B,std_R,std_G,std_B,mean_hue_deg,mean_saturation,mean_value,std_saturation,std_value,mean_lab_L,mean_lab_a,mean_lab_b,freshness_index
exp2_day(2)_pot(4)_plant(3)_top,332945.0,0.027306760860208282,46.24395620898346,62.88789740047155,16.184784273678837,23.08369483140275,21.29007915087432,21.495724426927772,81.85450449773987,201.14568772620103,62.889930769346286,46.12849771489904,21.296753734598262,61.37948009430987,-15.105569989037235,24.660559551877924,0.3753348027571158
