image_id,basil_pixels,coverage_fraction,mean_R,mean_G,mean_B,std_R,std_G,std_B,mean_hue_deg,mean_saturation,mean_value,std_saturation,std_value,mean_lab_L,mean_lab_a,mean_lab_b,freshness_index
exp2_day(3)_pot(6)_plant(5)_top,136193.0,0.011169982074619972,50.132018532523695,58.01954579163393,15.368675335736786,21.04928274452906,19.56096129941454,19.233891374124372,71.40421313870758,200.5406812391239,58.06688302629357,50.5332757104944,19.632516670338276,57.81376429038203,-10.401136622293365,23.418868811172388,0.36870456148811814
