image_id,basil_pixels,coverage_fraction,mean_R,mean_G,mean_B,std_R,std_G,std_B,mean_hue_deg,mean_saturation,mean_value,std_saturation,std_value,mean_lab_L,mean_lab_a,mean_lab_b,freshness_index
exp2_day(4)_pot(5)_plant(3)_top,568516.0,0.046627312190308225,53.70848489752267,66.23081848180175,19.966203237903596,18.24736327262717,18.33711506909145,16.300389697325762,76.57881924167482,184.8221334140112,66.23492918405111,35.39467355056946,18.34691186017505,66.02373723870568,-13.103096482772699,25.235171921282785,0.3540681237709395
