image_id,basil_pixels,coverage_fraction,mean_R,mean_G,mean_B,std_R,std_G,std_B,mean_hue_deg,mean_saturation,mean_value,std_saturation,std_value,mean_lab_L,mean_lab_a,mean_lab_b,freshness_index
exp2_day(2)_pot(5)_plant(3)_top,311327.0,0.025533742625136475,45.3554429908103,61.38215445496215,10.757036813382713,22.7170534507041,21.618602219458424,21.03023962809438,79.55482177902977,220.84149463425916,61.38842760184629,38.22546311348228,21.639046895254022,59.713237207180875,-15.097367077060454,26.529282715601283,0.4009253652998851
