image_id,basil_pixels,coverage_fraction,mean_R,mean_G,mean_B,std_R,std_G,std_B,mean_hue_deg,mean_saturation,mean_value,std_saturation,std_value,mean_lab_L,mean_lab_a,mean_lab_b,freshness_index
exp2_day(3)_pot(4)_plant(2)_top,433112.0,0.035522040606366004,54.78607381000757,68.46842848962855,14.41478416668206,18.725096373582666,18.28268123631234,17.811451871740406,75.65349840226085,208.84174763109772,68.47897310626351,39.46439834736633,18.311669128698213,68.16407534309832,-14.279281109736047,28.594019560760273,0.38996640263498905
