image_id,basil_pixels,coverage_fraction,mean_R,mean_G,mean_B,std_R,std_G,std_B,mean_hue_deg,mean_saturation,mean_value,std_saturation,std_value,mean_lab_L,mean_lab_a,mean_lab_b,freshness_index
exp2_day(2)_pot(4)_plant(5)_top,162088.0,0.013293782018980432,45.474865505157695,56.55057746409358,14.631558165934553,22.493100577237733,20.357873833836685,22.53090746530384,75.66124574305316,204.80113271802972,56.56629731997433,52.02774626031697,20.39492730741882,55.41590987611668,-12.008100537979374,22.661430827698524,0.37427617431030535
