image_id,basil_pixels,coverage_fraction,mean_R,mean_G,mean_B,std_R,std_G,std_B,mean_hue_deg,mean_saturation,mean_value,std_saturation,std_value,mean_lab_L,mean_lab_a,mean_lab_b,freshness_index
exp2_day(2)_pot(4)_plant(2)_top,454444.0,0.037271602313765015,62.485610988372606,78.35304900053691,25.27052398095255,20.321525485458103,19.947113748096776,19.619119302029592,77.99957750569928,179.18830703012912,78.3616507204408,33.38679701253203,19.982856916920298,78.49747383616022,-15.354879809173411,28.221138358081532,0.3595437032606354
