image_id,basil_pixels,coverage_fraction,mean_R,mean_G,mean_B,std_R,std_G,std_B,mean_hue_deg,mean_saturation,mean_value,std_saturation,std_value,mean_lab_L,mean_lab_a,mean_lab_b,freshness_index
exp2_day(2)_pot(4)_plant(4)_top,293538.0,0.024074763007054675,58.162755759049936,71.45039143143306,28.187791699882126,26.808955633252346,24.185174125768512,27.95731748795363,78.28220537034387,169.66640775640633,71.45298734746439,57.70754818101427,24.193156844954242,71.58378131621801,-13.127400881657564,23.2132671068141,0.3416661039461084
