image_id,basil_pixels,coverage_fraction,mean_R,mean_G,mean_B,std_R,std_G,std_B,mean_hue_deg,mean_saturation,mean_value,std_saturation,std_value,mean_lab_L,mean_lab_a,mean_lab_b,freshness_index
exp2_day(2)_pot(6)_plant(7)_top,20841.0,0.0017092919343663392,77.38956863874094,79.0658317739072,41.85480543160117,25.895661664434172,24.413378213291676,28.464252109563894,62.98776450266302,134.7559138237129,79.54205652319946,58.71868073192501,24.699271218528903,82.78988532220143,-6.86843241687059,21.230795067415187,0.3019723368201614
