image_id,basil_pixels,coverage_fraction,mean_R,mean_G,mean_B,std_R,std_G,std_B,mean_hue_deg,mean_saturation,mean_value,std_saturation,std_value,mean_lab_L,mean_lab_a,mean_lab_b,freshness_index
exp2_day(1)_pot(4)_plant(3)_top,404025.0,0.033136446129377675,46.07455726749583,63.30979766103583,14.463429243239899,21.054151373243183,19.05816289902486,19.07732060904344,81.61635542355052,205.9025134583256,63.31100055689623,44.35667455758586,19.062478937206382,61.765415506466184,-15.592507889363276,25.660709114534995,0.3818832558290034
