image_id,basil_pixels,coverage_fraction,mean_R,mean_G,mean_B,std_R,std_G,std_B,mean_hue_deg,mean_saturation,mean_value,std_saturation,std_value,mean_lab_L,mean_lab_a,mean_lab_b,freshness_index
exp2_day(2)_pot(5)_plant(4)_top,237739.0,0.019498361651759468,50.354868153731616,64.94358519216452,14.163385056721868,22.8606101131624,22.56769451319836,18.415547206897838,78.13443313886236,210.9874273888592,64.95581709353534,42.992095962176535,22.589633786664628,63.87043354266654,-14.399820811898763,26.604890236772263,0.3909354959716109
