image_id,basil_pixels,coverage_fraction,mean_R,mean_G,mean_B,std_R,std_G,std_B,mean_hue_deg,mean_saturation,mean_value,std_saturation,std_value,mean_lab_L,mean_lab_a,mean_lab_b,freshness_index
exp2_day(4)_pot(4)_plant(5)_top,298471.0,0.02447934710149492,52.5784079525314,62.03535016802302,19.70207490845007,26.098162274200405,21.524029596955167,23.96504065211626,73.06269620834185,191.80073440970816,62.16343296333647,58.078358246967234,21.700786525209036,61.91729514760228,-11.305808604521047,23.097895607948516,0.3617996115653349
