image_id,basil_pixels,coverage_fraction,mean_R,mean_G,mean_B,std_R,std_G,std_B,mean_hue_deg,mean_saturation,mean_value,std_saturation,std_value,mean_lab_L,mean_lab_a,mean_lab_b,freshness_index
exp2_day(0)_pot(4)_plant(6)_top,200779.0,0.016467056537121022,49.16332385359026,65.64574980451142,16.82402542098526,19.91889759889611,20.285627657224733,16.807956330958604,80.37881451745451,198.3566757479617,65.64739838329706,35.73236890241588,20.291772792315683,64.41817122308608,-15.262851194597047,25.90067188301566,0.3733329921887243
