image_id,basil_pixels,coverage_fraction,mean_R,mean_G,mean_B,std_R,std_G,std_B,mean_hue_deg,mean_saturation,mean_value,std_saturation,std_value,mean_lab_L,mean_lab_a,mean_lab_b,freshness_index
exp2_day(0)_pot(4)_plant(3)_top,1344833.0,0.11029759608318636,56.329627544832704,76.74979346878014,17.34305523436739,13.272863343431613,13.500395768388273,12.917219005392148,80.66380286622949,201.42203158310363,76.74996300655918,32.142623112729105,13.501553092932129,75.94021636887257,-18.008661298466052,30.70869245475089,0.3879878152676671
