image_id,basil_pixels,coverage_fraction,mean_R,mean_G,mean_B,std_R,std_G,std_B,mean_hue_deg,mean_saturation,mean_value,std_saturation,std_value,mean_lab_L,mean_lab_a,mean_lab_b,freshness_index
exp2_day(5)_pot(4)_plant(6)_top,184562.0,0.015137005805408584,59.490263434509814,74.00591671091557,16.084063891808714,24.62852313684687,22.805845887906024,20.372935078728933,75.17823820721492,208.8758249260411,74.11609648790109,46.3520221148869,22.98165189065867,73.8263835459087,-15.004470042587315,29.929963914565292,0.396602263872613
