image_id,basil_pixels,coverage_fraction,mean_R,mean_G,mean_B,std_R,std_G,std_B,mean_hue_deg,mean_saturation,mean_value,std_saturation,std_value,mean_lab_L,mean_lab_a,mean_lab_b,freshness_index
exp2_day(3)_pot(4)_plant(4)_top,213093.0,0.017476999480347696,55.30511091401407,68.64710243884126,23.138132177030688,28.666471500935227,25.46093942701239,29.749196912707763,77.35934075732192,188.62353995673251,68.65112415705819,62.301008565434536,25.47016967116408,68.31924089482057,-13.381734735538004,24.22170601568328,0.36541737307072103
