image_id,basil_pixels,coverage_fraction,mean_R,mean_G,mean_B,std_R,std_G,std_B,mean_hue_deg,mean_saturation,mean_value,std_saturation,std_value,mean_lab_L,mean_lab_a,mean_lab_b,freshness_index
exp2_day(3)_pot(5)_plant(2)_top,663357.0,0.05440577562043336,51.82106618306583,67.86066477025192,16.06683279139287,20.43254068597528,17.857288934157765,17.71901382994233,78.35840731310591,203.30707296372842,67.91516182085965,41.64350350654801,17.942509126098404,67.04338689423643,-15.329276694148092,27.3726485135455,0.38225462413757544
