image_id,basil_pixels,coverage_fraction,mean_R,mean_G,mean_B,std_R,std_G,std_B,mean_hue_deg,mean_saturation,mean_value,std_saturation,std_value,mean_lab_L,mean_lab_a,mean_lab_b,freshness_index
exp2_day(1)_pot(5)_plant(6)_top,48425.0,0.003971616617325943,71.29699535363964,74.35052142488384,40.169623128549304,31.929020600165618,29.518765676938038,31.11638741290171,65.69395973154363,139.51898812596798,74.56549303045948,62.269626520466595,29.62406148507722,76.92115642746515,-7.243902942694888,19.419617965926705,0.3048995080722869
