image_id,basil_pixels,coverage_fraction,mean_R,mean_G,mean_B,std_R,std_G,std_B,mean_hue_deg,mean_saturation,mean_value,std_saturation,std_value,mean_lab_L,mean_lab_a,mean_lab_b,freshness_index
exp2_day(3)_pot(4)_plant(6)_top,172782.0,0.014170859315948602,63.97860309522983,74.14825039645334,29.678681807132687,26.99965208510496,22.57128880090358,25.854379099443484,72.80782720422266,168.6257943535785,74.1738607030825,66.6934595325423,22.59743471406882,75.23633248833791,-11.708013566227962,23.786835434246626,0.3433624476194238
