image_id,basil_pixels,coverage_fraction,mean_R,mean_G,mean_B,std_R,std_G,std_B,mean_hue_deg,mean_saturation,mean_value,std_saturation,std_value,mean_lab_L,mean_lab_a,mean_lab_b,freshness_index
exp2_day(1)_pot(4)_plant(6)_top,191676.0,0.015720466427311664,79.35705565642021,84.18653874246124,51.65277864730065,31.29855500529696,26.671328029702646,31.24522368224579,67.55411214758237,115.76713829587429,84.24045785596527,66.90084441019634,26.753389807616713,87.55176965295603,-7.887440263778458,18.03911809511885,0.2852447667344877
