image_id,basil_pixels,coverage_fraction,mean_R,mean_G,mean_B,std_R,std_G,std_B,mean_hue_deg,mean_saturation,mean_value,std_saturation,std_value,mean_lab_L,mean_lab_a,mean_lab_b,freshness_index
exp2_day(1)_pot(4)_plant(1)_top,19250.0,0.001578804747207525,59.61818181818182,65.67745454545455,30.460675324675325,27.154162711055474,24.45418755765707,26.646441960501317,70.91615584415584,157.3134025974026,65.74862337662337,63.956584398344404,24.553723328117556,66.88654545454546,-8.765454545454546,19.713922077922092,0.3187440332525279
