image_id,basil_pixels,coverage_fraction,mean_R,mean_G,mean_B,std_R,std_G,std_B,mean_hue_deg,mean_saturation,mean_value,std_saturation,std_value,mean_lab_L,mean_lab_a,mean_lab_b,freshness_index
exp2_day(2)_pot(6)_plant(8)_top,11805.0,0.0009681968852355758,69.885472257518,73.17856840321897,38.38288860652266,23.00834454172688,21.254954980136255,25.794314526276022,65.51037695891571,137.09377382465058,73.33672172808132,63.742257632431915,21.419155512828503,76.12943667937314,-7.327403642524359,19.76035578144854,0.2987202976786135
