image_id,basil_pixels,coverage_fraction,mean_R,mean_G,mean_B,std_R,std_G,std_B,mean_hue_deg,mean_saturation,mean_value,std_saturation,std_value,mean_lab_L,mean_lab_a,mean_lab_b,freshness_index
exp2_day(1)_pot(6)_plant(6)_top,115220.0,0.009449864050558495,59.75913035931262,74.1979517444888,26.168477694844643,23.432219917511947,20.855795772252687,23.855414795344746,77.3896545738587,177.4081496268009,74.20946016316611,51.049286536185974,20.88078320304422,74.36846901579587,-14.17457038708558,25.6865127582017,0.354225036251142
