image_id,basil_pixels,coverage_fraction,mean_R,mean_G,mean_B,std_R,std_G,std_B,mean_hue_deg,mean_saturation,mean_value,std_saturation,std_value,mean_lab_L,mean_lab_a,mean_lab_b,freshness_index
exp2_day(4)_pot(4)_plant(7)_top,47224.0,0.003873115604266398,67.50101643232254,72.03508809080128,35.85661951550059,25.50399231967497,23.36135208048029,25.910920229036687,67.30442148060308,142.6874894121633,72.21635185498899,50.289153309183554,23.558501138292847,74.31318820938506,-8.238268676943932,20.704938167033703,0.3042135275785667
