image_id,basil_pixels,coverage_fraction,mean_R,mean_G,mean_B,std_R,std_G,std_B,mean_hue_deg,mean_saturation,mean_value,std_saturation,std_value,mean_lab_L,mean_lab_a,mean_lab_b,freshness_index
exp2_day(1)_pot(4)_plant(5)_top,206413.0,0.01692913372910893,62.599889541840874,70.49782717173821,35.146584759680835,34.55771423926406,29.857541858922318,36.65329659015409,72.4097900810511,158.60148343369846,70.54614777170043,78.05974692618014,29.922789840201514,71.57034682893035,-9.674807303803533,19.3232015425385,0.32894122896670436
