image_id,basil_pixels,coverage_fraction,mean_R,mean_G,mean_B,std_R,std_G,std_B,mean_hue_deg,mean_saturation,mean_value,std_saturation,std_value,mean_lab_L,mean_lab_a,mean_lab_b,freshness_index
exp2_day(3)_pot(4)_plant(3)_top,648173.0,0.05316044724216847,48.95080171497424,64.44099491956622,16.894278225103484,22.561570656674395,21.262530586576794,20.53552056253124,79.87714391065349,199.55399407257013,64.4426734837767,43.84530396583268,21.267521677717774,63.29257775316158,-14.647368835172088,25.269451211327834,0.3743153752979098
