image_id,basil_pixels,coverage_fraction,mean_R,mean_G,mean_B,std_R,std_G,std_B,mean_hue_deg,mean_saturation,mean_value,std_saturation,std_value,mean_lab_L,mean_lab_a,mean_lab_b,freshness_index
exp2_day(5)_pot(5)_plant(7)_top,25823.0,0.002117894804526749,71.3801649692135,72.78050575068737,37.1486659179801,23.053699563567815,22.259026762548956,24.852468902122588,62.06118576462843,138.82283235874996,73.13038763892654,59.522386325169904,22.45742419590693,75.97393796228168,-6.519885373504238,20.449444293846568,0.2997229555959006
