image_id,basil_pixels,coverage_fraction,mean_R,mean_G,mean_B,std_R,std_G,std_B,mean_hue_deg,mean_saturation,mean_value,std_saturation,std_value,mean_lab_L,mean_lab_a,mean_lab_b,freshness_index
exp2_day(5)_pot(6)_plant(1)_top,379518.0,0.031126484158478206,58.79460789738563,75.13155897743981,16.88497515269368,22.272175921099773,18.454936310460887,19.182298700589875,76.51330898666203,206.4570586902334,75.22395248710207,44.11287541933922,18.59266370495635,74.87487549997628,-15.985497394062989,30.276798465421933,0.3940276379737928
