image_id,basil_pixels,coverage_fraction,mean_R,mean_G,mean_B,std_R,std_G,std_B,mean_hue_deg,mean_saturation,mean_value,std_saturation,std_value,mean_lab_L,mean_lab_a,mean_lab_b,freshness_index
exp2_day(2)_pot(6)_plant(2)_top,48967.0,0.004016069197740824,46.98735883350011,58.602119794963954,16.795454081320074,26.735095191683477,25.3266845850193,25.48492477716023,76.4688055220863,196.91984397655563,58.63571384810178,44.59607723232293,25.445212052951483,57.460983927951474,-12.247942491882284,22.872301754242642,0.36479939385909593
