image_id,basil_pixels,coverage_fraction,mean_R,mean_G,mean_B,std_R,std_G,std_B,mean_hue_deg,mean_saturation,mean_value,std_saturation,std_value,mean_lab_L,mean_lab_a,mean_lab_b,freshness_index
exp2_day(2)_pot(5)_plant(2)_top,346525.0,0.028420535845511043,50.43250270543251,68.95104537912128,14.723004112257414,17.993507596499107,18.10837757062043,16.545700257798973,80.49497727436693,207.2862968039824,68.95346078926484,36.13536949171464,18.11640852599543,67.68873530048337,-16.686080369381713,28.291875045090535,0.38875934400500384
