image_id,basil_pixels,coverage_fraction,mean_R,mean_G,mean_B,std_R,std_G,std_B,mean_hue_deg,mean_saturation,mean_value,std_saturation,std_value,mean_lab_L,mean_lab_a,mean_lab_b,freshness_index
exp2_day(1)_pot(6)_plant(7)_top,38592.0,0.0031651549508692365,65.14803586235489,70.41070688225538,39.0432732172471,29.004424052414592,25.694531770236484,27.863023818927275,69.63671227197347,132.41982794361525,70.50614116915423,60.99661220552165,25.78542366942537,72.35655058043118,-8.02578254560531,17.700507877280273,0.290290729270123
