image_id,basil_pixels,coverage_fraction,mean_R,mean_G,mean_B,std_R,std_G,std_B,mean_hue_deg,mean_saturation,mean_value,std_saturation,std_value,mean_lab_L,mean_lab_a,mean_lab_b,freshness_index
exp2_day(4)_pot(6)_plant(3)_top,60523.0,0.004963844141051482,52.89749351486212,57.78198370867273,22.062389504816352,21.608782436228804,20.410788942528484,16.048204701282106,69.49523321712407,168.82900715430497,57.86408472811989,47.82130083646202,20.486878921325257,58.47553822513755,-8.204996447631473,20.31229449961171,0.3234803556078144
