image_id,basil_pixels,coverage_fraction,mean_R,mean_G,mean_B,std_R,std_G,std_B,mean_hue_deg,mean_saturation,mean_value,std_saturation,std_value,mean_lab_L,mean_lab_a,mean_lab_b,freshness_index
exp2_day(1)_pot(5)_plant(8)_top,22666.0,0.0018589708259847148,54.3228624371305,60.12128297891115,26.6269743227742,30.621415809534557,27.38428289483581,26.474722413017805,71.76696373422747,166.0133239212918,60.29987646695491,60.96395067085453,27.597086221219893,60.63178328774376,-8.486411365040155,18.75218388776142,0.3251899537518752
