image_id,basil_pixels,coverage_fraction,mean_R,mean_G,mean_B,std_R,std_G,std_B,mean_hue_deg,mean_saturation,mean_value,std_saturation,std_value,mean_lab_L,mean_lab_a,mean_lab_b,freshness_index
exp2_day(3)_pot(5)_plant(6)_top,56350.0,0.0046215920781893,68.06965394853593,72.51242236024845,38.95343389529725,34.818914891467,31.542607008062156,33.83030249121267,67.9750842945874,144.51680567879325,72.64092280390417,67.56832180493859,31.627360711173264,74.4587222715173,-7.831517302573204,18.84202307009761,0.31076552749138
