image_id,basil_pixels,coverage_fraction,mean_R,mean_G,mean_B,std_R,std_G,std_B,mean_hue_deg,mean_saturation,mean_value,std_saturation,std_value,mean_lab_L,mean_lab_a,mean_lab_b,freshness_index
exp2_day(1)_pot(5)_plant(4)_top,311799.0,0.025572454097379693,50.262662805204634,66.36050789130176,18.475992546480263,23.141043951567163,22.28560598500045,20.17259276741419,80.66162495710377,196.083444783338,66.36987931327553,44.681668561105546,22.303818956002857,65.23392313637953,-14.907754675287606,25.25250882780253,0.37190905807175456
