image_id,basil_pixels,coverage_fraction,mean_R,mean_G,mean_B,std_R,std_G,std_B,mean_hue_deg,mean_saturation,mean_value,std_saturation,std_value,mean_lab_L,mean_lab_a,mean_lab_b,freshness_index
exp2_day(1)_pot(6)_plant(2)_top,60861.0,0.004991565491937516,45.16692134536074,56.33574867320616,20.07185225349567,23.926267222941988,22.714488075060753,20.949112845893193,79.23274346461609,179.69578219220847,56.36093721759419,47.885567015768146,22.781153645198877,55.17475887678481,-11.429897635595864,19.81447889453017,0.33904163484150146
