image_id,basil_pixels,coverage_fraction,mean_R,mean_G,mean_B,std_R,std_G,std_B,mean_hue_deg,mean_saturation,mean_value,std_saturation,std_value,mean_lab_L,mean_lab_a,mean_lab_b,freshness_index
exp2_day(4)_pot(5)_plant(8)_top,10756.0,0.0008821622784916436,61.82075120862774,64.03588694682038,32.48763480847899,23.057054899060283,21.6170999358243,23.457567451761708,64.07084417999256,140.89364075864634,64.23837857939755,55.553118457424674,21.794423899285547,66.21150985496467,-6.497582744514688,18.498233544068427,0.2923270062278901
