image_id,basil_pixels,coverage_fraction,mean_R,mean_G,mean_B,std_R,std_G,std_B,mean_hue_deg,mean_saturation,mean_value,std_saturation,std_value,mean_lab_L,mean_lab_a,mean_lab_b,freshness_index
exp2_day(3)_pot(6)_plant(2)_top,98879.0,0.00810964335579911,50.825908433539986,59.83933899007879,17.61069590105078,19.130095390230487,17.940186711584676,17.623168242413165,73.06358276277066,190.2142315355131,59.8920599925161,44.74452121158703,18.04956900243115,59.80216223869578,-10.948836456679373,23.353866847358887,0.35546315187539806
