image_id,basil_pixels,coverage_fraction,mean_R,mean_G,mean_B,std_R,std_G,std_B,mean_hue_deg,mean_saturation,mean_value,std_saturation,std_value,mean_lab_L,mean_lab_a,mean_lab_b,freshness_index
exp2_day(2)_pot(4)_plant(6)_top,130856.0,0.010732263584446124,59.629699822705874,71.9164348596931,23.727280369260868,25.432697460746926,22.092909147156586,24.255724033015,74.73771168307147,184.4442593385095,71.96529773185792,62.76786989968977,22.140895978990095,72.30803325793238,-13.0157730635202,25.469462615394008,0.362025032326188
