image_id,basil_pixels,coverage_fraction,mean_R,mean_G,mean_B,std_R,std_G,std_B,mean_hue_deg,mean_saturation,mean_value,std_saturation,std_value,mean_lab_L,mean_lab_a,mean_lab_b,freshness_index
exp2_day(4)_pot(5)_plant(1)_top,496568.0,0.0407264371798102,61.50463783409322,74.45343437353998,25.171986515441994,24.335430257313565,21.70303637925717,23.977189531549804,75.22905221439964,180.99860844838975,74.48063306536064,49.8384575651453,21.74959844685043,74.85677087528798,-13.610047365114141,26.440735206457134,0.35907013369846275
