image_id,basil_pixels,coverage_fraction,mean_R,mean_G,mean_B,std_R,std_G,std_B,mean_hue_deg,mean_saturation,mean_value,std_saturation,std_value,mean_lab_L,mean_lab_a,mean_lab_b,freshness_index
exp2_day(1)_pot(4)_plant(2)_top,468083.0,0.03839021623309818,47.900962008874494,64.66115197518388,15.566820414328228,22.261172136784293,20.5335861786954,20.300195077543222,80.64366789650553,204.77913959703727,64.66456589963745,45.11322537085272,20.544879709895127,63.268364798550685,-15.405028595355958,25.81130055994342,0.38200372034311325
